{
  "engineered_features": [
    "EGFR_not_KRAS",
    "KRAS_not_EGFR",
    "STK11_KEAP1_co",
    "TMB_smoking",
    "PDL1_TMB",
    "PDL1_neg_STK11_KEAP1",
    "metastasis_burden",
    "total_mutations"
  ],
  "best_params": {
    "max_depth": 5,
    "learning_rate": 0.02,
    "n_estimators": 400,
    "min_child_weight": 3,
    "reg_lambda": 1
  },
  "best_cv_f1": 0.6671449147724733,
  "ensemble_weights": [
    2,
    0.5,
    0.5,
    1
  ],
  "xgb_test_f1": 0.661065754082187,
  "ensemble_test_f1": 0.6561035675043354,
  "best_final_f1": 0.661065754082187,
  "per_class_f1": [
    0.5878260869565217,
    0.6768837803320562,
    0.7184873949579832
  ]
}